mutant,score,method
D672V:V710G,-1.0019285082817078,MLLR
D672G:I712L,0.09268534183502197,MLLR
D672G:I712K,-5.273429214954376,MLLR
D672G:I703V,-0.35045158863067627,MLLR
