Method,H4_rho_singles,H4_rho_doubles,H4_delta_rho,H4_p_perm,H5_epistasis_rho,H5_sign_agreement,H5_overall_rho
EDS,0.4478010280653146,0.3809176561268003,0.06688337193851429,0.0837,0.02725087744830499,0.361755262219051,0.3882110048154846
PLL,0.23599677191124988,0.22599073253814295,0.010006039373106929,0.8193,-0.012458851842416777,0.5056724937566892,0.23531703797679734
