mutant,score,method
D672V:V710G,-1.0019285082817078,MLLR
D672G:I712L,0.09268534183502197,MLLR
